mutation,S1,S2,S3
A[C>A]A,0.0213101584156975,0.0040666681296483,0.0098076840739919
A[C>A]C,0.0097828780627969,0.0081802474641685,0.004210827429831
A[C>A]G,0.0060063735750487,0.0030884104196376,0.0026201457374099
A[C>A]T,0.0052561308288366,0.0036484574835395,0.0042323251565031
C[C>A]A,0.0109065058343694,0.0045433465671351,0.0107819393104873
C[C>A]C,0.0108012261954718,0.0043853816978442,0.0051883144144885
C[C>A]G,0.0069957951819333,0.0036658143396946,0.0048373164853974
C[C>A]T,0.0088018172290964,0.0031455505899746,0.0040373692634648
G[C>A]A,0.0133045325256835,0.0075320384820359,0.0110435100756585
G[C>A]C,0.0080058590347755,0.0027123203103856,0.0156470516582485
G[C>A]G,0.0024997842161798,0.0036674288372911,0.0029215651131918
G[C>A]T,0.0039622189099596,0.0027066513890517,0.0125511247828862
T[C>A]A,0.0048837784936355,0.0023484849214537,0.0146259094121614
T[C>A]C,0.0070366423461776,0.0080566595450585,0.006182993955562
T[C>A]G,0.0032513725964711,0.0008998711217342,0.000601080042031
T[C>A]T,0.0060203825278149,0.0116629835127969,0.0060437581190817
A[C>G]A,0.0051544249583874,0.0082897708105214,0.0106570109848398
A[C>G]C,0.0041017949229886,0.0040315332678281,0.0066574633544652
A[C>G]G,0.0052927500579484,0.0014847029734355,0.0004913324911903
A[C>G]T,0.0015939307757278,0.0083632461119326,0.0159737456366419
C[C>G]A,0.0027961694788614,0.0055479497283604,0.0079949224656447
C[C>G]C,0.0064591112483033,0.0050315112442612,0.0041595354340056
C[C>G]G,0.0065984487258048,0.0023848706669163,0.0002080688522305
C[C>G]T,0.0051499507505995,0.0066928736262232,0.0069312727376527
G[C>G]A,0.0038306516678102,0.011303005592217,0.0024538144581122
G[C>G]C,0.0044800023838024,0.0065184701027678,0.0088938895007013
G[C>G]G,0.0067876420045901,0.0046630872561947,9.5418765469077e-05
G[C>G]T,0.0035011734221187,0.0150992199029005,0.0225558063378557
T[C>G]A,0.006221753708928,0.0030098700530857,0.0079634895995071
T[C>G]C,0.0160561206172671,0.0063213245634278,0.0008991046129361
T[C>G]G,0.0029101533496697,0.0022880953363133,0.0001349751139991
T[C>G]T,0.0140252842129188,0.0066881362201221,0.0156284233029
A[C>T]A,0.0257396252753678,0.0280156503638718,0.0099972418642479
A[C>T]C,0.0332155279554426,0.0136106010026996,0.0030740308031687
A[C>T]G,0.0324580537080764,0.0466089196130633,0.0361905703619122
A[C>T]T,0.0151642862104345,0.0182765814876183,0.0139361968355951
C[C>T]A,0.0235029202559264,0.0245319240652024,0.0016152168935388
C[C>T]C,0.0159168891246226,0.0196261647872161,0.0271705032549798
C[C>T]G,0.0353868369860574,0.0410694824624806,0.03140538245067
C[C>T]T,0.0209862665906548,0.0275885927523486,0.0296405951976776
G[C>T]A,0.0144635094190016,0.021266174330376,0.0080139434065654
G[C>T]C,0.0161565099116269,0.0204606468728743,0.022652649436146
G[C>T]G,0.0395095126754604,0.0306380332270637,0.0486107449531555
G[C>T]T,0.0124019830518122,0.0352321305610239,0.036837959729135
T[C>T]A,0.0124589101926248,0.0094924545078248,0.0194314738418906
T[C>T]C,0.0216108980220742,0.013007290514296,0.0261481680069118
T[C>T]G,0.0183020303859375,0.0312105932449921,0.014886217595078
T[C>T]T,0.0364481081422418,0.0199963319307365,0.0213668401930481
A[T>A]A,0.0065142837759689,0.0069180864721294,0.0138024456202983
A[T>A]C,0.00395409177473,0.0087416434146744,0.0070068124364916
A[T>A]G,0.0063365964945462,0.0015802350144846,0.0098505192007389
A[T>A]T,0.0041175226855583,0.0054705814655922,0.0107279137419536
C[T>A]A,0.0014892437617714,0.0023903453865467,0.0059445495209656
C[T>A]C,0.0083580007486574,0.0042069397832312,0.0034530878782247
C[T>A]G,0.0041339011661006,0.0042454233545469,0.0148321182596573
C[T>A]T,0.0013383190177127,0.0011898372122618,0.013880248776637
G[T>A]A,0.0002085966974208,0.0046227810532803,0.0164297208718971
G[T>A]C,0.002761810990783,0.0069122804479792,0.0007854053307948
G[T>A]G,0.011003091993459,0.0038560177837933,0.004336746124219
G[T>A]T,0.0013800626754492,0.0019025706342261,0.0060269554354963
T[T>A]A,0.0030293358906027,0.01041884916259,0.0120047411608975
T[T>A]C,0.0041235885670377,0.0008698343530759,0.0045674185384676
T[T>A]G,0.0002770487589849,0.0029050274779067,0.0046634854409691
T[T>A]T,0.0019722577033189,0.0125229941616856,0.0055852226080094
A[T>C]A,0.0246245409343391,0.0232492438542594,0.0174314447017386
A[T>C]C,0.0242363515839682,0.0107427699619584,0.0023777810822987
A[T>C]G,0.0248400542715098,0.02119311191421,0.0184529359058942
A[T>C]T,0.0201948749491775,0.0103820266337261,0.0245566517990082
C[T>C]A,0.0082102329849669,0.0072725200765769,0.0153800091641023
C[T>C]C,0.016436978535611,0.0096279741773341,0.0092186939977109
C[T>C]G,0.0304314769029342,0.0215542900133732,0.0005280668954664
C[T>C]T,0.0140014771508745,0.0226970402025981,0.0212211834508925
G[T>C]A,0.0080388112881183,0.0104435924770023,0.0064107880005612
G[T>C]C,0.0120926273687612,0.0140686484735242,0.0079126314088352
G[T>C]G,0.0251370350473034,0.0111802765758865,0.0018013044756896
G[T>C]T,0.0120028357257978,0.0161818556265207,0.0084140188959427
T[T>C]A,0.0045177774504079,0.0131285408188055,0.0153054288718849
T[T>C]C,0.0211207146314159,0.0202817413397133,0.0071123789614648
T[T>C]G,0.0124221991534254,0.0095422090673513,0.0050475107584497
T[T>C]T,0.0098162407136491,0.0244077911940216,0.0198128715315615
A[T>G]A,0.0036171432216019,0.0076310217405807,0.002980555770247
A[T>G]C,0.0023441359820202,0.0051910546140799,0.002385142805708
A[T>G]G,0.0063870539777735,0.0023461832211276,0.00129179699962
A[T>G]T,0.0025777058674109,0.0043027405896412,0.0035695926168429
C[T>G]A,0.0012024283607441,0.0029012903090188,0.007927215071395
C[T>G]C,0.0038964009098091,0.0032886410067763,0.0046493994387628
C[T>G]G,0.0061413264477071,0.0071743610892899,0.0026371788708736
C[T>G]T,9.440070826310888e-05,0.0029555199266957,0.0339111585728824
G[T>G]A,0.0032701725533571,0.00389465720111,0.0100807608515024
G[T>G]C,0.0034367877762871,0.0041817457663844,0.001384945548391
G[T>G]G,0.0170950109306111,0.0149396774575473,0.0031176758110667
G[T>G]T,0.0021704844824696,0.0096161817733408,0.008966330430936
T[T>G]A,0.0011582382250594,0.0059996800151936,0.0119146999022923
T[T>G]C,0.0058382126088697,0.0042801056167038,0.0032024259588506
T[T>G]G,0.0073389971273866,0.003286125795753,0.0007451912644492
T[T>G]T,0.0068028436262725,0.0206443807256982,0.0083459162882468
