mutation,GC
A[C>A]A,0.0099314643964171
A[C>A]C,0.0041045714639919
A[C>A]G,0.0025480118437717
A[C>A]T,0.0044261835746594
C[C>A]A,0.0112893600421957
C[C>A]C,0.0052219789942698
C[C>A]G,0.0049377008131774
C[C>A]T,0.0045113056004629
G[C>A]A,0.0112710463469848
G[C>A]C,0.0156746553173288
G[C>A]G,0.0029632523039996
G[C>A]T,0.0125811165663847
T[C>A]A,0.0147949633602984
T[C>A]C,0.0059909697839312
T[C>A]G,0.0006866707950357
T[C>A]T,0.0060088194097514
A[C>G]A,0.0105057335607707
A[C>G]C,0.0070247318143956
A[C>G]G,0.0005400987198783
A[C>G]T,0.0156237185196951
C[C>G]A,0.0082341733557434
C[C>G]C,0.003937730580898
C[C>G]G,0.0002074671535582
C[C>G]T,0.0070011403814423
G[C>G]A,0.0023192149109119
G[C>G]C,0.0086481557551082
G[C>G]G,8.23595599998105e-05
G[C>G]T,0.0224061935357749
T[C>G]A,0.0080140814553014
T[C>G]C,0.0008494160511837
T[C>G]G,0.0001921556873096
T[C>G]T,0.0155661342497915
A[C>T]A,0.0100009369690669
A[C>T]C,0.0033521257763057
A[C>T]G,0.0359629976022988
A[C>T]T,0.0136904018307104
C[C>T]A,0.0014235496922158
C[C>T]C,0.0274782106187194
C[C>T]G,0.0315499000176787
C[C>T]T,0.0299460959043353
G[C>T]A,0.0080339264481673
G[C>T]C,0.0228253902066499
G[C>T]G,0.0485888169929385
G[C>T]T,0.0367867445833981
T[C>T]A,0.0196243700832128
T[C>T]C,0.0264230911228805
T[C>T]G,0.015036326514557
T[C>T]T,0.0213253692579455
A[T>A]A,0.0139293555989861
A[T>A]C,0.0070843464450081
A[T>A]G,0.009879355095613
A[T>A]T,0.0105997117507607
C[T>A]A,0.0058253511973066
C[T>A]C,0.0034961507753603
C[T>A]G,0.0150179174151271
C[T>A]T,0.0138609118815511
G[T>A]A,0.0163706398141839
G[T>A]C,0.0008652260248748
G[T>A]G,0.0044135103185118
G[T>A]T,0.0061061489186831
T[T>A]A,0.0118975426089018
T[T>A]C,0.0046557642232455
T[T>A]G,0.0045561185027086
T[T>A]T,0.0051255168339895
A[T>C]A,0.0170527332169003
A[T>C]C,0.0023076992147277
A[T>C]G,0.018986509686103
A[T>C]T,0.0245616128612309
C[T>C]A,0.0152778771426528
C[T>C]C,0.0091883660536259
C[T>C]G,0.0006400093291015
C[T>C]T,0.0207228223113343
G[T>C]A,0.0063121706452013
G[T>C]C,0.0077187494930112
G[T>C]G,0.0018105000780173
G[T>C]T,0.0085594919522991
T[T>C]A,0.0152574675325304
T[T>C]C,0.0069675313283278
T[T>C]G,0.0051368322629857
T[T>C]T,0.0190819105664268
A[T>G]A,0.0029920363842283
A[T>G]C,0.002257991026393
A[T>G]G,0.0011777112709882
A[T>G]T,0.0041151224665524
C[T>G]A,0.0079059481209842
C[T>G]C,0.0044888816707689
C[T>G]G,0.0026223616881388
C[T>G]T,0.0338998678149655
G[T>G]A,0.0101929917396046
G[T>G]C,0.0013384748199028
G[T>G]G,0.0029034832457751
G[T>G]T,0.0089094236992823
T[T>G]A,0.0119032001732848
T[T>G]C,0.0031689571574607
T[T>G]G,0.0008009627586565
T[T>G]T,0.0079139127593125
